"city_mpg","highway_mpg","horsepower"
"18","25","250"
"22","28","200"
"21","30","200"
"21","28","200"
"21","28","200"
"16","27","265"
"17","26","265"
"13","18","350"
"14","20","280"
"22","30","211"
"21","27","211"
"17","26","265"
"20","29","280"
"18","26","305"
"12","17","555"
"12","17","555"
"12","17","555"
"12","17","555"
"18","25","185"
"18","25","185"
"18","25","185"
"18","25","185"
"18","25","185"
"18","25","185"
"18","25","185"
"20","26","185"
"18","25","185"
"13","18","310"
"9","12","310"
"13","17","310"
"13","17","310"
"8","12","280"
"8","12","324"
"10","13","310"
"13","17","310"
"15","20","195"
"14","19","302"
"15","20","195"
"15","20","195"
"15","20","195"
"14","19","302"
"18","26","350"
"18","26","350"
"18","26","350"
"21","29","227"
"21","30","227"
"21","30","227"
"21","29","227"
"9","15","530"
"8","14","621"
"8","14","621"
"8","14","621"
"12","19","621"
"8","13","552"
"11","19","600"
"10","17","600"
"10","17","600"
"10","17","552"
"19","28","227"
"20","28","227"
"19","28","227"
"21","29","168"
"21","30","227"
"21","30","227"
"20","27","227"
"20","30","250"
"18","26","300"
"18","26","325"
"18","26","300"
"19","27","240"
"15","22","311"
"16","24","281"
"18","27","235"
"21","30","227"
"20","26","227"
"20","31","168"
"17","22","300"
"18","25","240"
"16","21","281"
"18","27","235"
"18","25","240"
"17","22","300"
"16","21","281"
"16","22","235"
"17","23","270"
"17","22","270"
"17","22","270"
"17","23","270"
"17","22","270"
"16","22","240"
"14","21","311"
"15","22","235"
"13","19","311"
"18","27","235"
"18","23","157"
"17","23","270"
"17","22","270"
"17","22","270"
"17","23","270"
"17","22","270"
"21","30","200"
"17","25","271"
"21","31","190"
"22","31","190"
"21","31","190"
"19","28","271"
"22","31","190"
"21","31","190"
"22","31","190"
"18","25","332"
"18","25","332"
"18","25","332"
"18","25","332"
"18","25","332"
"18","25","332"
"18","25","332"
"18","25","332"
"21","30","200"
"18","26","332"
"18","26","332"
"19","26","332"
"18","26","332"
"21","30","200"
"19","26","332"
"18","26","332"
"18","26","332"
"19","26","332"
"21","31","211"
"21","29","211"
"21","31","211"
"21","29","211"
"29","38","120"
"29","38","120"
"29","38","120"
"38","37","120"
"28","37","120"
"28","37","120"
"21","30","227"
"21","29","227"
"21","30","227"
"21","29","227"
"21","27","211"
"22","30","211"
"21","29","168"
"20","27","227"
"21","29","211"
"21","29","211"
"23","30","211"
"23","32","190"
"22","33","190"
"17","26","271"
"23","32","190"
"19","29","271"
"22","33","190"
"22","33","190"
"29","38","120"
"29","38","120"
"28","37","120"
"28","37","120"
"22","31","177"
"21","31","177"
"22","31","177"
"21","31","177"
"22","31","190"
"21","31","190"
"22","31","190"
"21","31","190"
"19","29","271"
"20","29","268"
"20","29","268"
"18","26","332"
"18","26","332"
"18","26","332"
"18","26","332"
"19","28","268"
"19","28","268"
"19","28","268"
"22","33","169"
"22","32","169"
"22","33","169"
"22","32","169"
"20","29","268"
"22","33","179"
"22","32","179"
"20","29","268"
"22","32","169"
"20","29","268"
"26","36","160"
"26","36","160"
"25","35","140"
"25","34","140"
"25","35","140"
"25","34","140"
"25","35","140"
"25","34","140"
"25","34","140"
"24","35","140"
"24","34","140"
"24","35","140"
"24","34","140"
"24","35","140"
"24","34","140"
"24","35","140"
"24","34","140"
"23","31","175"
"18","27","270"
"18","26","300"
"20","29","240"
"17","23","325"
"19","25","240"
"17","23","300"
"17","23","300"
"19","25","240"
"16","23","240"
"16","23","240"
"23","32","175"
"18","27","270"
"22","33","169"
"22","32","169"
"22","33","169"
"22","32","169"
"19","28","268"
"22","33","179"
"22","32","179"
"19","28","268"
"22","32","169"
"19","28","268"
"15","22","235"
"16","22","240"
"16","21","281"
"17","22","300"
"18","25","240"
"20","26","227"
"21","30","227"
"8","14","567"
"10","17","552"
"10","17","600"
"24","35","140"
"24","34","140"
"24","35","140"
"24","34","140"
"11","18","600"
"10","17","600"
"10","17","552"
"9","15","500"
"28","35","132"
"26","34","132"
"26","34","132"
"28","35","132"
"26","34","132"
"13","20","563"
"21","29","211"
"20","26","211"
"11","18","453"
"11","18","453"
"21","31","211"
"21","29","211"
"11","18","453"
"21","29","211"
"21","31","211"
"22","30","211"
"18","27","265"
"21","27","211"
"11","18","453"
"13","20","563"
"19","29","271"
"11","18","453"
"23","33","177"
"23","34","177"
"23","34","177"
"23","34","177"
"23","33","190"
"23","34","190"
"20","30","271"
"23","34","190"
"20","30","271"
"11","18","453"
"11","18","453"
"11","18","453"
"23","33","170"
"24","31","170"
"23","29","115"
"23","29","115"
"24","31","170"
"24","31","170"
"24","34","115"
"24","31","170"
"23","33","170"
"23","33","170"
"23","33","170"
"24","34","115"
"26","35","132"
"26","34","132"
"26","35","132"
"26","34","132"
"26","34","132"
"26","34","132"
"22","30","158"
"22","30","158"
"17","22","260"
"15","20","260"
"17","21","260"
"19","28","310"
"18","26","300"
"23","30","170"
"23","30","170"
"23","30","170"
"22","30","170"
"22","30","170"
"23","30","170"
"23","30","170"
"22","30","170"
"23","30","170"
"22","30","170"
"22","30","170"
"21","31","200"
"21","31","200"
"30","41","140"
"23","30","170"
"23","30","170"
"30","41","140"
"17","22","260"
"15","19","260"
"17","21","260"
"20","25","187"
"20","25","270"
"17","22","270"
"20","25","187"
"18","24","270"
"17","22","270"
"18","24","270"
"17","22","270"
"20","27","187"
"18","24","270"
"17","23","270"
"18","24","270"
"17","23","270"
"18","24","270"
"17","23","270"
"18","24","270"
"17","23","270"
"18","27","271"
"18","27","271"
"18","26","271"
"13","18","381"
"13","18","381"
"26","32","132"
"25","32","132"
"21","28","158"
"21","29","158"
"20","26","158"
"10","16","631"
"10","16","543"
"10","16","604"
"10","16","631"
"10","16","620"
"10","16","543"
"10","16","604"
"10","16","631"
"10","16","620"
"10","16","543"
"10","16","604"
"10","16","604"
"10","16","620"
"26","32","132"
"25","31","132"
"21","28","158"
"21","29","158"
"20","26","158"
"21","28","158"
"21","29","158"
"25","31","132"
"12","18","317"
"12","18","317"
"12","18","317"
"13","19","317"
"12","18","317"
"12","18","317"
"23","33","170"
"24","31","170"
"23","33","170"
"24","31","170"
"24","31","170"
"24","31","170"
"30","42","140"
"27","35","108"
"27","35","108"
"25","34","108"
"27","35","108"
"25","34","108"
"21","31","200"
"21","31","200"
"18","27","280"
"17","25","280"
"16","24","350"
"18","26","300"
"27","35","108"
"27","35","108"
"25","34","108"
"27","35","108"
"25","34","108"
"16","23","350"
"18","26","300"
"18","26","300"
"18","28","310"
"17","27","372"
"17","27","372"
"12","18","317"
"12","18","317"
"12","18","317"
"12","18","317"
"12","18","317"
"12","18","317"
"16","23","350"
"16","23","350"
"25","30","122"
"25","30","122"
"25","30","122"
"25","30","122"
"20","27","211"
"18","23","270"
"20","27","211"
"18","23","270"
"18","27","271"
"18","27","271"
"17","25","271"
"18","23","270"
"18","23","270"
"26","34","140"
"25","36","140"
"26","34","140"
"25","36","140"
"26","34","140"
"25","36","140"
"25","36","140"
"21","29","197"
"16","22","333"
"16","22","280"
"17","25","225"
"12","20","550"
"27","35","108"
"27","35","108"
"25","34","108"
"27","35","108"
"25","34","108"
"16","24","380"
"16","23","357"
"16","24","380"
"16","23","357"
"12","20","560"
"12","20","560"
"30","40","138"
"30","40","138"
"30","40","138"
"30","40","138"
"16","24","380"
"16","23","357"
"16","24","380"
"16","23","357"
"27","36","110"
"28","34","110"
"28","34","110"
"28","34","110"
"27","36","110"
"28","34","110"
"27","36","110"
"28","34","110"
"27","36","110"
"27","36","110"
"30","40","138"
"30","40","138"
"27","36","110"
"28","34","110"
"28","34","110"
"27","36","110"
"20","28","260"
"19","27","283"
"17","26","263"
"18","26","234"
"16","22","333"
"16","22","272"
"17","25","225"
"14","19","280"
"17","25","225"
"13","18","350"
"22","28","179"
"21","27","179"
"19","27","269"
"19","26","269"
"22","28","179"
"21","27","179"
"19","27","269"
"19","26","269"
"22","28","179"
"21","27","179"
"19","27","269"
"19","26","269"
"24","29","122"
"24","29","122"
"21","30","227"
"17","28","323"
"19","30","323"
"17","28","323"
"19","30","323"
"16","24","426"
"15","24","426"
"16","24","426"
"15","24","426"
"24","31","188"
"24","31","188"
"17","28","312"
"19","30","312"
"17","28","312"
"19","30","312"
"16","24","426"
"15","24","426"
"16","24","426"
"16","25","426"
"18","26","228"
"18","26","228"
"17","25","268"
"18","27","230"
"17","26","300"
"17","26","300"
"18","28","230"
"17","28","323"
"19","30","323"
"17","28","323"
"19","30","323"
"16","24","426"
"15","24","426"
"16","24","426"
"15","24","426"
"17","28","323"
"18","29","323"
"13","19","228"
"18","26","228"
"29","40","145"
"29","40","148"
"29","40","148"
"29","40","145"
"29","40","148"
"29","40","148"
"29","40","148"
"29","40","145"
"29","40","148"
"29","40","145"
"26","34","138"
"26","34","132"
"25","34","138"
"26","34","132"
"26","34","138"
"22","32","175"
"23","33","175"
"23","33","175"
"20","28","240"
"23","33","175"
"20","28","240"
"13","19","240"
"18","27","263"
"17","25","263"
"21","31","200"
"21","31","200"
"22","31","280"
"22","29","175"
"23","33","175"
"22","29","175"
"23","33","175"
"14","21","240"
"13","19","240"
"18","27","263"
"17","24","263"
"14","21","240"
"23","33","175"
"22","31","175"
"23","34","175"
"22","29","175"
"19","27","240"
"22","31","175"
"13","20","240"
"13","18","240"
"18","27","263"
"17","24","263"
"22","31","175"
"25","34","156"
"26","36","156"
"26","36","156"
"23","32","173"
"17","25","225"
"25","34","156"
"26","36","156"
"22","32","173"
"23","32","173"
"24","33","156"
"25","34","156"
"22","32","173"
"23","31","173"
"11","20","420"
"12","19","525"
"25","34","156"
"25","34","156"
"25","34","156"
"25","34","156"
"27","36","156"
"22","32","173"
"23","31","173"
"11","20","430"
"12","19","525"
"23","30","138"
"23","31","138"
"23","31","138"
"23","30","138"
"23","31","138"
"23","30","138"
"23","30","138"
"23","31","138"
"23","31","138"
"23","30","138"
"23","31","138"
"23","30","138"
"23","31","138"
"23","30","138"
"16","24","385"
"16","24","385"
"17","26","385"
"19","29","333"
"17","26","429"
"25","34","156"
"25","34","156"
"22","32","173"
"23","31","173"
"24","35","200"
"24","34","200"
"24","34","200"
"22","34","274"
"22","34","274"
"26","34","140"
"25","36","140"
"26","34","140"
"25","36","140"
"26","34","140"
"25","36","140"
"26","34","140"
"25","36","140"
"21","29","197"
"36","40","166"
"22","32","175"
"22","32","175"
"22","32","175"
"20","28","194"
"22","32","175"
"20","28","194"
"28","34","110"
"27","36","110"
"27","36","110"
"18","27","290"
"17","25","385"
"17","25","368"
"18","27","290"
"21","30","210"
"17","26","306"
"17","27","306"
"21","30","210"
"20","30","210"
"17","26","306"
"17","27","306"
"20","30","210"
"20","30","210"
"21","30","210"
"20","30","210"
"17","27","306"
"17","26","306"
"21","30","210"
"17","26","306"
"17","27","306"
"21","30","210"
"17","27","306"
"17","27","306"
"21","30","210"
"20","30","210"
"21","30","210"
"17","26","306"
"17","27","306"
"17","26","306"
"20","30","210"
"17","26","306"
"21","30","210"
"12","19","451"
"21","31","200"
"21","31","200"
"19","29","305"
"19","31","305"
"19","29","305"
"19","31","305"
"17","26","412"
"18","25","412"
"17","26","412"
"18","25","412"
"17","26","444"
"18","25","228"
"19","30","305"
"19","30","305"
"19","30","305"
"19","30","305"
"19","30","412"
"18","25","412"
"19","30","412"
"18","25","412"
"19","29","305"
"19","30","305"
"19","29","305"
"19","30","305"
"17","26","412"
"18","25","412"
"17","26","412"
"18","25","412"
"19","29","305"
"19","31","305"
"19","29","305"
"19","31","305"
"17","26","412"
"18","25","412"
"17","26","412"
"18","25","412"
"18","26","228"
"13","19","451"
"18","25","228"
"18","26","228"
"17","25","268"
"13","19","228"
"27","36","110"
"27","36","110"
"28","34","110"
"27","36","110"
"28","34","110"
"27","36","110"
"21","31","200"
"28","34","110"
"28","34","110"
"27","36","110"
"28","34","110"
"27","36","110"
"26","31","122"
"24","30","142"
"24","30","142"
"24","30","142"
"24","30","142"
"17","28","312"
"19","30","312"
"18","29","312"
"17","28","312"
"19","30","312"
"17","28","312"
"19","30","312"
"16","24","426"
"16","25","426"
"16","24","426"
"16","25","426"
"18","26","210"
"16","24","210"
"18","26","210"
"16","24","210"
"16","24","315"
"17","23","315"
"16","24","315"
"17","23","315"
"26","31","122"
"24","30","142"
"24","30","142"
"24","30","142"
"24","30","142"
"24","30","142"
"24","30","142"
"18","26","210"
"16","24","210"
"18","26","210"
"16","24","210"
"16","24","315"
"17","23","315"
"16","24","315"
"17","23","315"
"12","20","525"
"12","19","420"
"18","25","271"
"18","25","271"
"15","23","550"
"15","23","550"
"15","23","550"
"15","23","550"
"15","23","550"
"14","22","550"
"18","25","271"
"18","25","271"
"17","23","244"
"17","23","244"
"17","23","244"
"11","20","420"
"21","31","200"
"12","19","525"
"20","27","175"
"21","29","175"
"21","27","175"
"20","26","276"
"18","24","276"
"22","32","191"
"21","28","191"
"20","26","276"
"18","24","276"
"20","26","276"
"18","24","276"
"18","27","333"
"17","29","304"
"18","29","304"
"17","29","304"
"18","29","304"
"17","29","304"
"18","29","304"
"16","24","426"
"16","25","426"
"16","24","426"
"16","25","426"
"18","27","333"
"20","27","175"
"21","29","175"
"21","27","175"
"20","26","276"
"18","24","276"
"21","29","175"
"21","27","175"
"20","26","276"
"18","24","276"
"20","26","276"
"18","24","276"
"21","29","176"
"22","32","176"
"21","28","176"
"22","32","176"
"21","28","176"
"22","29","260"
"21","26","260"
"30","41","140"
"22","30","170"
"23","30","170"
"21","29","176"
"22","31","176"
"21","28","176"
"22","31","176"
"21","28","176"
"22","27","260"
"21","25","260"
"18","27","333"
"20","25","140"
"20","25","140"
"19","24","140"
"18","23","173"
"18","23","173"
"18","23","173"
"18","23","173"
"26","34","140"
"25","36","140"
"26","34","140"
"25","36","140"
"26","34","140"
"25","36","140"
"26","34","140"
"25","36","140"
"26","34","140"
"25","36","140"
"26","34","140"
"25","36","140"
"21","29","197"
"24","36","113"
"15","22","266"
"15","22","266"
"14","20","266"
"14","20","266"
"15","22","266"
"14","20","266"
"15","22","266"
"13","18","310"
"14","20","266"
"20","28","175"
"20","26","276"
"20","26","276"
"20","26","276"
"20","25","175"
"20","26","276"
"20","28","175"
"19","26","175"
"20","26","276"
"20","26","276"
"20","26","276"
"20","26","276"
"21","27","175"
"20","28","175"
"20","26","276"
"20","26","276"
"20","28","175"
"19","26","175"
"18","28","263"
"18","27","263"
"17","26","263"
"18","27","263"
"17","26","263"
"18","28","263"
"18","27","263"
"17","25","263"
"18","27","263"
"17","25","263"
"18","28","263"
"18","27","263"
"17","25","263"
"18","27","263"
"17","25","263"
"23","30","170"
"30","41","140"
"23","33","170"
"24","31","170"
"30","42","140"
"19","26","285"
"19","26","285"
"18","26","285"
"19","26","285"
"18","26","285"
"18","25","305"
"17","23","305"
"24","31","170"
"30","42","140"
"16","24","354"
"14","22","354"
"19","27","285"
"19","27","285"
"18","25","285"
"19","27","285"
"18","25","285"
"19","26","305"
"17","23","305"
"18","25","265"
"17","23","265"
"18","25","265"
"17","23","265"
"18","25","265"
"17","23","265"
"18","25","265"
"17","23","265"
"16","24","354"
"14","22","354"
"21","30","240"
"21","30","240"
"21","30","240"
"16","24","354"
"14","22","354"
"14","21","435"
"14","19","435"
"26","34","140"
"25","36","140"
"26","34","140"
"25","36","140"
"26","34","140"
"25","36","140"
"26","34","140"
"25","36","140"
"26","34","140"
"25","36","140"
"25","36","140"
"21","29","197"
"24","36","113"
"15","24","505"
"15","24","505"
"15","24","505"
"15","24","505"
"15","24","505"
"15","24","505"
"15","24","505"
"15","24","505"
"15","24","505"
"16","26","430"
"15","25","430"
"16","26","430"
"15","25","430"
"16","26","430"
"15","25","430"
"16","26","430"
"15","25","430"
"14","20","266"
"15","22","266"
"15","22","266"
"14","20","266"
"13","18","310"
"14","20","266"
"15","22","266"
"16","23","197"
"16","23","197"
"17","25","251"
"17","25","251"
"15","22","266"
"14","20","266"
"14","20","266"
"13","18","310"
"15","22","266"
"14","20","266"
"14","20","266"
"15","22","266"
"17","25","283"
"17","25","283"
"17","25","283"
"17","25","283"
"19","26","200"
"18","24","200"
"18","24","200"
"18","24","200"
"24","35","198"
"24","35","190"
"24","35","200"
"24","35","190"
"24","35","198"
"22","34","274"
"24","35","198"
"22","34","274"
"22","35","200"
"22","33","274"
"22","35","198"
"24","35","198"
"22","35","274"
"22","35","190"
"22","35","190"
"22","35","200"
"22","32","175"
"21","32","175"
"22","32","168"
"22","32","168"
"22","32","175"
"22","32","175"
"22","32","168"
"19","29","249"
"19","29","249"
"31","37","122"
"31","37","122"
"17","22","260"
"17","22","260"
"16","21","260"
"16","21","260"
"16","22","260"
"17","23","260"
"16","22","260"
"17","23","260"
"27","33","117"
"28","35","117"
"27","33","117"
"27","33","117"
"35","40","166"
"23","31","165"
"22","32","176"
"21","28","170"
"22","32","176"
"21","28","170"
"22","32","170"
"20","27","165"
"21","28","176"
"22","32","170"
"21","28","170"
"20","28","161"
"20","28","161"
"18","24","244"
"17","21","244"
"20","28","161"
"18","24","244"
"17","21","244"
"17","24","262"
"17","24","262"
"16","23","262"
"17","24","262"
"16","23","262"
"16","22","355"
"17","24","262"
"16","23","262"
"16","22","355"
"27","33","117"
"28","35","117"
"27","33","117"
"27","33","117"
"17","24","262"
"17","24","262"
"16","22","262"
"16","22","355"
"17","24","262"
"16","22","262"
"16","22","355"
"17","24","262"
"16","22","262"
"16","22","355"
"20","28","161"
"20","28","161"
"18","25","244"
"17","23","244"
"18","25","244"
"17","23","244"
"23","31","165"
"22","31","176"
"22","31","170"
"21","28","176"
"21","28","170"
"21","28","176"
"22","31","170"
"20","27","165"
"21","28","170"
"22","31","176"
"11","20","430"
"12","19","525"
"17","24","262"
"17","24","262"
"16","22","262"
"16","22","355"
"17","24","262"
"16","22","262"
"16","22","355"
"17","24","273"
"16","22","273"
"17","24","273"
"16","22","273"
"17","24","273"
"16","22","273"
"18","26","200"
"20","25","200"
"20","25","200"
"20","25","200"
"14","19","280"
"18","25","225"
"14","21","382"
"11","17","510"
"11","18","518"
"11","17","621"
"18","28","230"
"18","27","230"
"19","28","300"
"12","18","510"
"15","21","536"
"15","23","429"
"12","18","621"
"18","25","300"
"18","25","300"
"18","28","230"
"18","28","230"
"23","31","176"
"22","30","176"
"21","28","170"
"21","28","176"
"21","28","176"
"21","28","170"
"23","31","170"
"23","31","176"
"23","31","170"
"20","28","300"
"18","28","230"
"18","28","230"
"14","21","382"
"12","18","507"
"16","26","430"
"15","25","430"
"16","26","430"
"15","25","430"
"16","26","430"
"15","25","430"
"16","26","430"
"15","25","430"
"12","18","507"
"16","26","430"
"15","25","430"
"16","26","430"
"15","25","430"
"16","26","430"
"15","25","430"
"16","26","430"
"15","25","430"
"17","25","265"
"20","28","162"
"20","28","162"
"20","28","162"
"20","28","162"
"20","28","162"
"20","28","162"
"20","28","162"
"17","25","265"
"16","24","265"
"20","28","162"
"20","27","162"
"20","27","162"
"16","25","265"
"16","26","430"
"15","25","430"
"16","26","430"
"15","25","430"
"16","26","430"
"15","25","430"
"16","26","430"
"15","25","430"
"22","28","179"
"21","27","179"
"19","27","269"
"19","26","269"
"22","28","179"
"21","27","179"
"19","27","269"
"19","26","269"
"22","28","179"
"21","27","179"
"19","27","269"
"19","26","269"
"20","27","162"
"20","27","162"
"16","24","265"
"16","26","430"
"15","25","430"
"16","26","430"
"15","25","430"
"16","26","430"
"15","25","430"
"16","26","430"
"15","25","430"
"20","27","162"
"16","24","265"
"16","24","265"
"19","26","162"
"15","21","225"
"15","21","225"
"15","19","225"
"15","21","225"
"15","21","225"
"15","19","225"
"21","30","160"
"21","30","160"
"21","30","160"
"21","30","160"
"14","19","556"
"12","18","556"
"24","33","148"
"24","33","148"
"22","31","168"
"22","31","152"
"20","28","168"
"22","31","152"
"16","21","260"
"14","19","556"
"12","18","556"
"12","18","556"
"14","19","556"
"14","19","556"
"12","18","556"
"16","26","270"
"18","27","270"
"18","27","270"
"16","26","270"
"18","27","270"
"18","27","270"
"18","27","270"
"16","25","304"
"18","27","304"
"18","27","270"
"16","25","304"
"18","27","304"
"18","27","304"
"16","26","270"
"14","20","310"
"14","19","310"
"13","18","381"
"12","17","381"
"14","18","381"
"13","18","381"
"12","17","381"
"14","18","381"
"13","18","381"
"12","17","381"
"17","26","230"
"17","26","300"
"17","26","300"
"18","27","230"
"17","24","297"
"16","23","297"
"17","24","297"
"16","23","297"
"15","22","382"
"17","25","268"
"17","26","230"
"19","28","300"
"18","27","230"
"18","26","320"
"19","28","300"
"17","24","297"
"16","23","297"
"17","24","297"
"16","23","297"
"15","23","382"
"17","26","268"
"17","26","268"
"15","23","382"
"16","26","430"
"15","25","430"
"16","26","430"
"15","25","430"
"16","26","430"
"15","25","430"
"16","26","430"
"15","25","430"
"17","24","268"
"15","23","382"
"16","24","382"
"18","26","268"
"13","20","518"
"18","28","230"
"17","25","300"
"17","25","230"
"17","26","300"
"17","26","300"
"18","28","230"
"17","25","230"
"16","25","300"
"14","21","638"
"14","21","638"
"14","20","638"
"14","20","638"
"14","20","638"
"14","20","638"
"21","28","200"
"24","31","140"
"16","26","430"
"15","25","430"
"16","26","430"
"15","25","430"
"16","26","430"
"15","25","430"
"16","26","430"
"15","25","430"
"18","27","300"
"18","28","230"
"17","25","230"
"19","28","300"
"18","28","230"
"17","26","230"
"18","26","320"
"19","26","300"
"19","28","300"
"16","26","430"
"15","25","430"
"16","26","430"
"15","25","430"
"16","26","430"
"15","25","430"
"16","26","430"
"15","25","430"
"15","23","382"
"15","23","382"
"17","24","268"
"13","20","518"
"22","33","210"
"17","24","268"
"16","26","430"
"15","25","430"
"16","26","430"
"15","25","430"
"16","26","430"
"15","25","430"
"16","26","430"
"15","25","430"
"16","23","268"
"11","15","382"
"11","15","500"
"11","15","382"
"11","13","500"
"16","26","430"
"15","25","430"
"16","26","430"
"15","25","430"
"16","26","430"
"15","25","430"
"16","26","430"
"15","25","430"
"16","26","430"
"15","25","430"
"16","26","430"
"15","25","430"
"16","26","430"
"15","25","430"
"16","26","430"
"15","25","430"
"16","26","430"
"15","25","430"
"16","26","430"
"15","25","430"
"16","26","430"
"15","25","430"
"16","26","430"
"15","25","430"
"16","26","270"
"18","27","270"
"14","18","403"
"16","26","270"
"18","27","270"
"18","27","270"
"18","27","270"
"16","25","304"
"18","27","304"
"16","25","304"
"18","27","304"
"18","27","304"
"18","27","304"
"17","23","291"
"16","22","291"
"24","32","148"
"22","31","168"
"20","27","168"
"19","26","230"
"18","24","230"
"19","25","230"
"18","24","230"
"18","27","304"
"18","27","304"
"16","25","304"
"18","27","304"
"18","27","304"
"16","25","304"
"18","27","304"
"18","27","304"
"14","19","310"
"14","19","381"
"13","18","310"
"13","18","381"
"13","18","381"
"14","19","381"
"13","18","381"
"13","18","381"
"14","19","381"
"13","18","381"
"13","18","381"
"24","31","148"
"15","23","275"
"15","23","275"
"15","23","275"
"15","23","292"
"17","24","297"
"17","24","297"
"17","24","297"
"17","24","297"
"17","26","300"
"17","25","300"
"18","28","230"
"23","36","265"
"17","25","230"
"16","25","300"
"17","25","230"
"18","28","230"
"17","26","300"
"17","23","210"
"13","17","335"
"12","17","382"
"24","31","140"
"21","28","200"
"12","17","382"
"13","18","335"
"17","21","210"
"26","31","122"
"24","32","122"
"24","32","122"
"26","31","122"
"16","22","268"
"16","21","268"
"16","21","268"
"16","23","268"
"23","36","265"
"18","27","300"
"18","28","230"
"17","26","230"
"17","25","230"
"18","28","230"
"19","28","300"
"19","26","300"
"19","28","300"
"23","28","171"
"21","28","171"
"20","27","171"
"21","28","171"
"14","19","240"
"20","27","171"
"13","17","240"
"21","28","171"
"14","19","240"
"20","27","171"
"13","17","240"
"23","28","171"
"21","28","171"
"22","26","171"
"21","28","171"
"19","25","240"
"22","26","171"
"13","17","240"
"21","28","171"
"19","25","240"
"22","26","171"
"18","24","210"
"14","19","268"
"18","24","210"
"15","19","268"
"25","36","138"
"22","35","138"
"26","38","138"
"26","38","138"
"28","42","138"
"26","39","138"
"26","38","138"
"26","38","138"
"26","38","138"
"17","25","230"
"17","26","230"
"17","25","230"
"18","27","230"
"26","36","136"
"22","35","136"
"24","36","138"
"28","42","138"
"26","37","138"
"24","36","138"
"24","36","138"
"18","25","265"
"18","25","265"
"18","25","265"
"17","23","265"
"18","25","265"
"17","23","265"
"17","23","265"
"22","28","171"
"21","28","171"
"22","26","171"
"21","28","171"
"19","25","240"
"22","26","171"
"13","17","240"
"21","28","171"
"19","25","240"
"22","26","171"
"13","17","240"
"24","32","122"
"26","31","122"
"24","32","122"
"26","34","107"
"25","33","107"
"26","34","107"
"13","18","403"
"10","15","403"
"9","13","403"
"10","15","403"
"13","18","403"
"10","15","403"
"13","18","403"
"26","31","122"
"26","33","107"
"24","32","122"
"26","34","107"
"24","32","122"
"26","34","107"
"17","26","230"
"18","27","230"
"17","25","230"
"17","26","230"
"14","20","403"
"10","15","403"
"14","20","403"
"10","15","403"
"10","16","403"
"10","15","403"
"14","20","403"
"13","20","403"
"20","23","332"
"20","23","332"
"20","23","332"
"20","23","332"
"20","31","173"
"21","30","173"
"19","29","283"
"20","31","173"
"21","28","180"
"21","27","180"
"21","28","180"
"21","27","180"
"21","28","180"
"21","27","180"
"21","28","180"
"21","27","180"
"21","30","173"
"21","30","173"
"21","30","173"
"21","28","180"
"21","27","180"
"21","28","180"
"21","27","180"
"21","28","180"
"21","27","180"
"21","22","332"
"21","22","332"
"15","23","275"
"15","23","275"
"15","23","275"
"15","22","292"
"20","25","166"
"19","24","166"
"20","25","166"
"19","24","166"
"18","25","265"
"18","25","265"
"17","23","265"
"18","25","265"
"17","23","265"
"15","22","300"
"18","25","265"
"17","23","265"
"15","22","300"
"10","15","403"
"10","14","403"
"10","15","403"
"10","14","403"
"10","15","403"
"10","14","403"
"10","15","403"
"13","18","403"
"16","20","261"
"16","22","261"
"15","20","261"
"15","20","261"
"16","22","261"
"16","20","261"
"15","20","261"
"15","20","261"
"15","20","261"
"15","21","261"
"16","20","261"
"16","20","261"
"15","20","261"
"15","21","261"
"16","20","261"
"15","21","261"
"23","31","175"
"18","27","270"
"16","25","300"
"18","27","230"
"15","23","360"
"18","28","230"
"17","25","300"
"17","25","230"
"15","22","360"
"17","25","230"
"17","26","300"
"17","26","300"
"13","18","382"
"18","25","210"
"11","15","503"
"15","20","268"
"16","21","268"
"16","20","268"
"17","25","300"
"18","25","210"
"17","25","230"
"13","18","382"
"15","22","360"
"21","28","200"
"24","31","140"
"24","32","122"
"26","31","122"
"19","24","187"
"18","24","266"
"19","24","187"
"18","24","266"
"16","22","266"
"18","24","266"
"18","24","266"
"18","24","266"
"16","22","266"
"18","24","266"
"18","24","266"
"16","22","266"
"15","22","400"
"20","30","300"
"19","28","300"
"17","25","400"
"27","36","109"
"14","22","382"
"12","19","518"
"12","18","604"
"18","26","228"
"18","25","300"
"14","22","355"
"17","26","228"
"19","25","300"
"19","26","228"
"16","23","273"
"17","25","355"
"17","24","273"
"17","24","273"
"17","25","355"
"16","23","273"
"16","24","300"
"16","23","300"
"19","26","228"
"16","21","355"
"16","22","268"
"17","23","268"
"17","23","268"
"16","22","268"
"16","22","355"
"19","26","305"
"17","23","305"
"17","23","265"
"18","25","265"
"14","20","403"
"10","15","403"
"10","16","403"
"13","20","403"
"14","20","403"
"10","15","403"
"14","20","403"
"13","20","403"
"18","27","263"
"17","24","263"
"17","24","263"
"18","21","263"
"16","22","273"
"15","21","273"
"16","22","273"
"15","21","273"
"16","22","273"
"15","21","273"
"17","23","266"
"17","23","266"
"17","23","266"
"16","21","266"
"17","23","266"
"17","23","266"
"17","23","266"
"17","23","266"
"16","21","266"
"20","25","166"
"19","24","166"
"20","25","166"
"18","23","166"
"19","24","166"
"18","23","166"
"20","25","166"
"29","35","100"
"27","33","100"
"29","35","100"
"27","33","100"
"25","33","148"
"25","33","148"
"24","33","148"
"25","33","148"
"24","33","148"
"20","28","167"
"22","29","167"
"20","28","167"
"20","29","167"
"20","28","167"
"22","29","167"
"20","28","167"
"22","29","167"
"18","25","290"
"20","28","240"
"17","23","290"
"18","25","290"
"20","28","240"
"17","23","290"
"18","25","290"
"20","28","240"
"17","23","290"
"21","29","167"
"22","29","167"
"21","29","167"
"22","29","167"
"17","25","290"
"17","23","290"
"17","25","290"
"17","23","290"
"17","25","290"
"17","23","290"
"25","33","148"
"25","33","148"
"24","33","148"
"25","33","148"
"24","33","148"
"21","29","167"
"22","29","167"
"21","29","167"
"22","29","167"
"18","25","263"
"18","25","263"
"14","20","210"
"13","19","210"
"13","19","210"
"14","19","292"
"14","20","210"
"13","19","210"
"14","19","292"
"14","20","210"
"13","19","210"
"13","19","210"
"14","19","292"
"21","28","157"
"21","28","157"
"21","28","157"
"21","28","157"
"22","28","153"
"21","27","153"
"21","27","153"
"21","27","153"
"17","23","250"
"16","22","250"
"17","23","250"
"16","22","250"
"17","23","250"
"16","22","250"
"17","23","250"
"16","22","250"
"21","30","170"
"22","31","170"
"22","31","170"
"22","31","170"
"22","31","170"
"18","27","272"
"18","27","272"
"18","27","270"
"18","26","270"
"18","27","270"
"18","26","270"
"18","27","270"
"18","26","270"
"18","26","304"
"18","26","304"
"18","26","304"
"18","26","304"
"9","13","310"
"13","18","310"
"10","15","310"
"14","20","310"
"9","13","310"
"14","20","310"
"12","17","239"
"12","17","239"
"16","24","239"
"12","17","239"
"18","26","228"
"19","28","300"
"15","22","400"
"15","22","400"
"16","21","303"
"16","21","303"
"14","20","390"
"18","26","228"
"18","25","228"
"18","27","270"
"18","26","270"
"18","27","270"
"18","26","270"
"18","27","270"
"18","26","270"
"18","26","304"
"18","26","304"
"18","26","304"
"18","26","304"
"16","23","303"
"16","21","303"
"14","20","390"
"18","26","228"
"27","32","302"
"18","27","302"
"18","27","302"
"18","27","302"
"18","27","302"
"18","27","302"
"17","25","303"
"24","32","158"
"24","32","158"
"23","29","172"
"18","26","228"
"23","31","158"
"23","31","158"
"23","29","172"
"23","29","172"
"23","31","158"
"23","31","158"
"15","22","400"
"15","22","400"
"19","27","300"
"20","30","300"
"18","27","305"
"15","24","379"
"14","23","470"
"14","21","360"
"17","25","303"
"16","22","303"
"16","21","325"
"14","20","325"
"17","25","250"
"13","19","425"
"16","25","372"
"18","26","330"
"17","24","330"
"16","25","420"
"16","23","420"
"21","27","182"
"20","25","182"
"19","26","268"
"18","25","268"
"18","26","330"
"17","24","330"
"16","24","420"
"16","23","420"
"18","27","302"
"18","27","302"
"18","27","302"
"18","27","302"
"18","27","302"
"15","24","320"
"15","24","320"
"15","22","320"
"10","15","310"
"13","18","310"
"10","15","310"
"9","13","310"
"10","15","310"
"13","18","310"
"10","15","310"
"9","13","310"
"14","20","310"
"9","13","310"
"10","15","310"
"13","18","310"
"14","20","310"
"9","13","310"
"10","15","310"
"14","20","310"
"18","27","292"
"16","25","370"
"18","27","292"
"21","30","170"
"22","31","170"
"22","31","170"
"22","31","170"
"22","31","170"
"18","27","272"
"18","27","272"
"17","24","288"
"16","23","288"
"17","24","288"
"16","23","288"
"17","24","288"
"16","23","288"
"17","24","288"
"16","23","288"
"17","24","288"
"16","23","288"
"20","29","170"
"20","29","170"
"21","29","170"
"20","29","170"
"21","30","170"
"21","30","170"
"21","30","170"
"17","25","272"
"17","25","272"
"17","25","250"
"17","23","250"
"17","23","250"
"13","19","425"
"16","23","368"
"16","25","368"
"16","23","368"
"17","23","250"
"17","25","250"
"16","23","290"
"16","22","290"
"16","22","290"
"16","23","290"
"16","23","290"
"14","20","310"
"9","13","310"
"9","13","310"
"9","13","310"
"14","20","310"
"9","13","310"
"14","20","310"
"9","13","310"
"9","13","310"
"9","13","310"
"9","13","310"
"12","17","310"
"9","13","310"
"12","17","310"
"9","13","310"
"12","17","310"
"14","20","310"
"12","17","310"
"9","13","310"
"12","17","310"
"22","28","167"
"21","28","158"
"21","28","167"
"21","28","158"
"21","28","167"
"21","28","167"
"21","28","167"
"21","28","158"
"21","28","167"
"21","28","158"
"21","28","167"
"21","28","158"
"22","28","167"
"21","28","167"
"21","28","167"
"21","28","167"
"21","28","167"
"21","28","167"
"21","28","167"
"21","28","167"
"21","28","167"
"21","28","167"
"16","22","232"
"16","23","212"
"16","22","232"
"16","23","212"
"16","22","232"
"20","29","218"
"20","29","218"
"19","27","218"
"16","22","232"
"16","23","212"
"16","22","232"
"16","23","212"
"16","22","232"
"21","29","182"
"20","28","182"
"19","26","268"
"18","25","268"
"29","36","106"
"29","35","106"
"15","22","182"
"20","29","182"
"15","22","182"
"20","29","182"
"17","24","264"
"22","32","182"
"20","29","182"
"12","18","264"
"12","17","264"
"15","22","182"
"20","29","182"
"17","24","264"
"12","17","264"
"16","23","264"
"29","36","106"
"29","35","106"
"23","31","170"
"29","36","106"
"29","35","106"
"13","19","317"
"22","32","182"
"20","29","182"
"22","32","182"
"20","29","182"
"17","24","264"
"16","22","264"
"12","18","264"
"12","17","264"
"22","32","182"
"20","29","182"
"17","24","264"
"16","22","264"
"12","18","264"
"12","17","264"
"22","32","182"
"20","29","182"
"17","24","264"
"16","22","264"
"17","24","264"
"12","17","264"
"29","36","106"
"29","35","106"
"29","36","106"
"29","35","106"
"21","27","136"
"21","27","136"
"22","27","136"
"22","27","136"
"21","26","136"
"21","26","136"
"21","26","136"
"21","26","136"
"22","25","136"
"22","25","136"
"22","25","136"
"22","25","136"
"12","18","317"
"13","19","317"
"12","17","224"
"12","18","317"
"9","13","317"
"12","18","317"
"18","25","385"
"18","25","345"
"18","25","385"
"18","24","345"
"18","25","345"
"16","24","500"
"17","25","385"
"18","25","408"
"17","25","325"
"16","24","325"
"9","13","317"
"9","13","317"
"12","18","317"
"12","18","317"
"23","28","171"
"21","28","171"
"20","26","171"
"21","28","171"
"20","26","171"
"21","28","171"
"20","26","171"
"14","19","240"
"13","17","240"
"9","13","317"
"9","13","317"
"22","28","171"
"21","28","171"
"20","26","171"
"21","28","171"
"20","26","171"
"21","28","171"
"20","26","171"
"19","25","240"
"18","23","240"
"29","36","106"
"29","35","106"
"30","38","106"
"30","35","106"
"30","35","106"
"16","24","500"
"18","25","345"
"18","26","385"
"17","25","385"
"18","26","345"
"17","25","408"
"14","20","360"
"16","22","290"
"16","22","290"
"16","23","290"
"13","20","360"
"17","25","283"
"17","25","283"
"17","25","283"
"17","25","283"
"17","25","283"
"15","20","210"
"14","20","357"
"14","19","210"
"13","19","357"
"14","20","357"
"13","19","357"
"23","29","158"
"22","28","172"
"17","24","288"
"16","23","288"
"17","24","288"
"16","23","288"
"17","24","288"
"16","23","288"
"17","24","288"
"16","23","288"
"18","25","185"
"18","25","185"
"18","24","185"
"17","23","242"
"22","32","182"
"17","23","242"
"20","29","182"
"18","25","185"
"18","25","185"
"18","24","185"
"17","23","185"
"17","23","242"
"22","32","182"
"17","23","242"
"20","29","182"
"18","25","185"
"18","25","185"
"18","25","185"
"17","23","185"
"17","23","242"
"22","32","182"
"17","23","242"
"20","29","182"
"18","25","185"
"18","25","185"
"18","24","185"
"17","23","185"
"17","23","242"
"14","20","300"
"17","23","242"
"18","25","185"
"18","25","185"
"14","20","300"
"16","21","242"
"14","19","300"
"17","23","242"
"20","29","182"
"18","25","185"
"22","32","182"
"17","23","242"
"17","23","242"
"14","20","300"
"14","19","300"
"17","23","242"
"16","21","242"
"14","20","300"
"14","19","300"
"17","23","185"
"17","25","325"
"16","24","325"
"17","23","250"
"16","22","250"
"17","23","250"
"17","23","250"
"16","22","250"
"17","23","250"
"16","22","250"
"30","35","106"
"30","35","106"
"30","38","106"
"30","35","106"
"20","25","187"
"18","24","270"
"17","22","270"
"20","25","187"
"18","24","270"
"17","22","270"
"18","24","270"
"17","22","270"
"17","25","251"
"16","23","197"
"17","24","175"
"17","24","175"
"16","23","197"
"23","29","158"
"23","28","172"
"23","28","172"
"23","29","158"
"23","28","172"
"23","28","172"
"20","29","182"
"23","28","172"
"19","26","173"
"16","24","280"
"16","24","280"
"16","24","280"
"17","25","325"
"16","24","325"
"19","27","328"
"19","27","328"
"18","25","328"
"17","25","328"
"15","22","360"
"19","27","328"
"18","25","328"
"17","25","328"
"15","22","400"
"14","21","400"
"14","20","400"
"14","20","400"
"13","19","535"
"14","21","400"
"15","22","400"
"22","32","182"
"20","29","182"
"22","32","182"
"22","32","182"
"20","29","182"
"22","32","182"
"20","29","182"
"20","29","182"
"14","20","400"
"13","19","535"
"14","22","400"
"14","20","400"
"15","22","400"
"17","25","315"
"17","25","315"
"14","20","400"
"19","25","173"
"15","23","235"
"15","23","235"
"15","23","235"
"16","24","235"
"16","24","235"
"16","24","235"
"17","24","455"
"17","24","455"
"16","21","260"
"16","21","260"
"16","21","260"
"15","21","260"
"16","21","260"
"17","24","455"
"15","21","260"
"14","20","500"
"14","22","500"
"14","22","500"
"14","20","500"
"19","27","272"
"16","22","210"
"16","22","210"
"16","21","260"
"15","21","210"
"16","22","210"
"15","21","210"
"16","21","260"
"15","21","210"
"16","20","260"
"16","20","260"
"15","20","195"
"13","18","310"
"13","17","310"
"19","27","330"
"19","27","330"
"18","25","330"
"17","25","330"
"17","25","348"
"22","32","182"
"20","29","182"
"22","32","182"
"20","29","182"
"12","18","264"
"16","22","264"
"22","32","182"
"20","29","182"
"12","18","264"
"16","22","264"
"22","32","182"
"20","29","182"
"20","29","182"
"17","24","264"
"16","21","260"
"16","21","260"
"11","16","320"
"15","21","320"
"14","18","403"
"11","16","320"
"11","16","320"
"13","18","403"
"18","25","345"
"18","25","385"
"16","24","500"
"18","25","345"
"18","25","385"
"18","25","385"
"18","25","345"
"15","21","320"
"11","16","320"
"14","18","403"
"15","21","320"
"15","21","320"
"10","15","403"
"19","27","330"
"19","27","330"
"18","25","330"
"17","25","330"
"15","21","320"
"15","21","320"
"10","16","352"
"10","15","352"
"15","21","320"
"15","21","320"
"10","16","352"
"10","15","352"
"14","18","403"
"13","18","403"
"19","27","348"
"11","16","320"
"11","16","320"
"10","16","352"
"10","15","352"
"15","21","320"
"11","16","320"
"10","16","352"
"10","15","352"
"14","20","403"
"10","15","403"
"12","18","320"
"12","17","320"
"14","20","400"
"14","20","400"
"16","21","300"
"16","21","300"
"19","24","240"
"17","22","240"
"19","24","240"
"17","22","240"
"13","20","414"
"16","23","300"
"16","23","300"
"13","20","414"
"16","22","300"
"17","24","300"
"18","26","280"
"17","25","305"
"17","25","305"
"14","20","414"
"14","20","414"
"18","26","280"
"17","25","305"
"17","25","305"
"14","20","414"
"14","20","414"
"11","16","324"
"15","20","195"
"13","18","310"
"10","13","310"
"11","17","280"
"11","16","324"
"8","12","280"
"24","31","135"
"21","30","201"
"20","28","201"
"18","27","280"
"24","31","135"
"22","31","201"
"21","29","201"
"19","28","280"
"22","30","201"
"15","20","195"
"10","13","310"
"10","13","310"
"20","23","332"
"20","23","332"
"20","23","332"
"20","23","332"
"21","22","332"
"21","22","332"
"21","22","332"
"21","22","332"
"18","25","345"
"18","25","345"
"16","24","500"
"18","25","385"
"18","25","385"
"10","13","310"
"13","17","310"
"9","12","310"
"13","17","310"
"19","26","310"
"19","27","320"
"19","27","255"
"13","22","600"
"13","22","600"
"19","26","310"
"19","27","255"
"20","24","380"
"15","22","300"
"15","22","500"
"16","23","300"
"16","22","400"
"12","19","550"
"12","19","500"
"11","17","405"
"13","18","405"
"11","17","405"
"14","20","290"
"13","19","385"
"14","20","290"
"24","31","135"
"8","12","280"
"11","16","324"
"8","12","280"
"11","16","324"
"22","32","155"
"22","30","155"
"16","23","155"
"22","30","155"
"16","23","172"
"22","30","172"
"22","32","155"
"22","30","155"
"16","23","155"
"22","30","155"
"16","22","172"
"15","21","172"
"21","29","260"
"19","29","260"
"16","23","155"
"22","30","155"
"16","23","155"
"22","30","155"
"22","32","155"
"16","22","155"
"22","30","172"
"15","21","172"
"18","26","408"
"19","27","265"
"19","27","330"
"19","26","320"
"19","27","265"
"19","26","320"
"13","22","300"
"18","30","300"
"18","30","300"
"14","22","211"
"14","22","211"
"17","27","230"
"19","24","224"
"21","27","170"
"21","27","170"
"21","27","170"
"21","27","170"
"19","24","224"
"14","22","211"
"18","29","211"
"13","20","230"
"16","22","288"
"17","24","288"
"17","24","288"
"17","24","288"
"16","22","288"
"16","22","288"
"17","24","288"
"16","22","288"
"16","22","288"
"17","24","288"
"16","22","288"
"17","24","288"
"19","26","166"
"19","25","166"
"19","23","166"
"19","25","166"
"19","23","166"
"19","30","182"
"17","27","280"
"16","26","280"
"19","30","182"
"19","30","182"
"16","25","252"
"17","27","280"
"17","26","255"
"17","26","255"
"19","26","166"
"19","25","166"
"19","23","166"
"19","25","166"
"17","23","230"
"19","25","166"
"19","23","166"
"17","23","230"
"19","23","166"
"11","16","324"
"8","12","324"
"18","27","248"
"18","27","248"
"18","27","248"
"19","28","248"
"19","28","248"
"11","16","324"
"11","16","324"
"15","20","195"
"10","13","310"
"10","13","310"
"8","12","280"
"8","12","324"
"10","14","302"
"10","16","280"
"8","12","280"
"15","20","195"
"8","12","280"
"21","27","170"
"21","27","170"
"16","23","244"
"16","23","244"
"17","25","244"
"17","25","244"
"10","13","310"
"13","17","310"
"10","13","310"
"9","12","310"
"21","31","185"
"20","29","185"
"15","20","195"
"13","18","310"
"21","31","185"
"20","29","185"
"20","29","185"
"20","29","210"
"20","29","210"
"19","27","210"
"19","27","210"
"19","27","210"
"20","29","210"
"20","29","210"
"19","27","210"
"23","33","150"
"23","32","150"
"23","33","150"
"22","30","150"
"22","30","150"
"22","30","150"
"23","33","150"
"23","32","150"
"23","33","150"
"19","28","210"
"19","28","210"
"21","31","210"
"17","27","210"
"17","27","210"
"21","31","210"
"20","29","210"
"20","29","210"
"19","24","224"
"20","27","170"
"20","26","170"
"20","26","170"
"19","24","224"
"20","27","170"
"20","26","170"
"19","27","268"
"18","25","303"
"19","26","303"
"17","24","342"
"25","34","148"
"25","34","148"
"25","34","148"
"25","34","148"
"13","20","227"
"13","20","227"
"15","23","292"
"13","20","227"
"17","26","227"
"17","26","227"
"17","26","227"
"13","20","227"
"17","26","227"
"17","26","227"
"17","26","227"
"15","22","292"
"17","26","227"
"13","21","220"
"19","30","182"
"11","17","470"
"13","20","470"
"19","28","210"
"17","27","210"
"17","27","210"
"20","29","210"
"19","28","210"
"21","31","210"
"16","23","290"
"16","22","290"
"16","23","290"
"14","20","360"
"12","16","290"
"13","19","360"
"13","17","290"
"14","20","360"
"12","16","290"
"13","19","360"
"16","23","290"
"14","20","360"
"16","22","290"
"13","19","360"
"16","23","290"
"14","20","360"
"16","22","290"
"13","19","360"
"12","16","290"
"13","19","360"
"20","29","210"
"21","31","210"
"11","17","470"
"13","20","470"
"18","25","265"
"19","25","265"
"20","26","170"
"20","27","170"
"20","26","170"
"20","27","170"
"17","23","305"
"20","27","170"
"20","26","170"
"16","21","210"
"14","20","357"
"15","20","210"
"13","19","357"
"16","21","210"
"14","20","357"
"15","20","210"
"13","19","357"
"12","16","420"
"16","23","620"
"16","22","210"
"15","21","210"
"16","22","210"
"15","21","210"
"16","22","210"
"15","21","210"
"16","22","210"
"15","21","210"
"16","22","210"
"15","21","210"
"16","22","210"
"15","21","210"
"15","21","210"
"15","22","230"
"15","22","230"
"15","22","230"
"15","22","230"
"12","17","375"
"12","17","375"
"12","17","375"
"12","17","375"
"16","22","210"
"15","21","210"
"16","22","210"
"15","21","210"
"15","21","210"
"12","18","510"
"12","18","375"
"12","18","375"
"12","18","510"
"12","18","375"
"18","28","240"
"18","28","240"
"18","28","240"
"18","28","240"
"18","28","240"
"18","29","173"
"14","21","283"
"19","29","283"
"9","16","540"
"13","18","375"
"12","17","510"
"13","18","375"
"20","29","173"
"13","19","186"
"16","27","235"
"13","18","375"
"12","17","510"
"21","30","173"
"21","30","173"
"12","17","510"
"21","31","210"
"21","31","210"
"17","27","210"
"19","28","210"
"19","27","210"
"20","29","210"
"23","31","180"
"23","31","180"
"23","31","180"
"23","31","180"
"23","31","180"
"23","31","180"
"20","27","161"
"21","29","161"
"11","17","470"
"13","20","470"
"20","27","161"
"21","29","161"
"11","17","470"
"13","20","470"
"20","29","210"
"19","27","210"
"21","31","210"
"17","27","210"
"19","27","210"
"29","37","121"
"28","36","121"
"27","35","181"
"26","34","181"
"25","33","208"
"29","37","121"
"28","36","121"
"27","35","181"
"26","34","181"
"25","33","208"
"28","37","118"
"25","33","118"
"26","34","172"
"24","32","172"
"25","33","208"
"27","35","121"
"27","35","121"
"27","35","181"
"26","34","181"
"25","33","208"
"28","35","121"
"27","36","121"
"27","35","181"
"26","34","181"
"25","33","208"
"28","36","118"
"25","33","118"
"26","34","172"
"24","32","172"
"25","33","208"
"16","23","385"
"15","22","385"
"15","21","470"
"15","21","470"
"15","21","510"
"15","21","510"
"22","33","169"
"22","33","169"
"22","33","169"
"17","26","252"
"22","33","169"
"17","26","252"
"16","27","235"
"27","35","121"
"27","35","121"
"27","35","181"
"26","34","181"
"25","33","208"
"11","17","510"
"12","18","510"
"28","35","121"
"27","36","121"
"27","35","181"
"26","34","181"
"25","33","208"
"28","36","118"
"25","33","118"
"26","34","172"
"24","32","172"
"25","33","208"
"13","19","470"
"13","19","470"
"21","30","173"
"20","31","173"
"20","31","173"
"14","21","283"
"16","22","385"
"15","22","510"
"16","24","385"
"15","22","510"
"15","22","510"
"18","27","292"
"18","27","292"
"16","25","363"
"15","23","363"
"16","22","385"
"15","22","510"
"20","26","170"
"20","27","170"
"19","24","224"
"15","22","510"
"16","24","385"
"16","23","385"
"16","23","385"
"15","21","510"
"15","21","470"
"23","29","158"
"23","28","172"
"22","28","172"
"23","29","158"
"23","28","172"
"22","28","172"
"23","28","172"
"22","28","172"
"23","28","172"
"22","28","172"
"18","26","178"
"17","23","250"
"17","25","250"
"17","25","250"
"17","23","250"
"16","25","360"
"16","23","360"
"17","25","250"
"16","25","360"
"13","19","425"
"17","25","283"
"17","25","283"
"17","25","283"
"16","23","197"
"17","25","251"
"16","23","197"
"16","23","197"
"16","25","300"
"16","23","385"
"15","21","470"
"15","21","510"
"23","29","158"
"23","28","172"
"23","28","172"
"23","29","158"
"23","28","172"
"23","28","172"
"23","28","172"
"23","28","172"
"21","27","189"
"20","26","217"
"20","26","218"
"21","27","189"
"20","26","218"
"22","33","169"
"22","33","169"
"22","33","169"
"17","26","252"
"22","33","169"
"17","26","252"
"17","27","276"
"27","35","121"
"25","30","121"
"26","32","181"
"25","32","181"
"25","31","181"
"23","30","181"
"28","35","121"
"25","30","121"
"26","32","181"
"25","32","181"
"25","31","181"
"23","30","181"
"22","30","169"
"22","30","170"
"22","33","169"
"22","33","169"
"17","26","252"
"22","33","169"
"17","26","252"
"20","26","240"
"20","26","257"
"20","26","240"
"20","26","240"
"21","27","257"
"26","35","138"
"25","35","138"
"26","35","138"
"25","35","138"
"26","35","138"
"25","35","138"
"26","34","164"
"13","20","405"
"13","20","433"
"12","19","405"
"12","19","433"
"12","20","433"
"12","19","433"
"12","20","400"
"12","19","430"
"12","19","440"
"15","19","202"
"15","19","202"
"15","19","202"
"15","19","202"
"15","19","202"
"15","19","202"
"15","19","202"
"15","19","202"
"15","19","202"
"15","19","202"
"15","19","202"
"15","19","202"
"15","19","202"
"15","19","202"
"15","19","202"
"15","19","202"
"15","19","202"
"15","19","202"
"15","19","202"
"15","19","202"
"15","19","202"
"15","19","202"
"15","19","202"
"15","19","202"
"15","19","202"
"15","19","205"
"15","19","205"
"15","19","205"
"15","19","205"
"15","19","205"
"15","19","205"
"15","20","205"
"15","19","205"
"15","19","205"
"15","20","205"
"15","19","205"
"15","19","205"
"15","19","205"
"15","19","205"
"15","19","205"
"18","25","185"
"18","24","185"
"17","23","185"
"17","23","242"
"17","23","242"
"12","20","400"
"12","19","425"
"12","19","433"
"15","20","250"
"15","20","250"
"15","20","250"
"15","20","250"
"15","20","250"
"15","20","250"
"29","37","121"
"28","36","121"
"27","35","181"
"26","34","181"
"25","33","208"
"12","17","224"
"12","17","224"
"21","28","171"
"20","26","171"
"14","19","240"
"18","23","240"
"21","28","171"
"20","26","171"
"14","19","240"
"13","17","240"
"17","24","175"
"17","25","251"
"11","17","500"
"11","17","500"
"17","24","260"
"17","24","260"
"25","35","178"
"25","35","178"
"25","35","178"
"21","30","268"
"25","35","178"
"21","30","268"
"19","25","240"
"19","26","300"
"17","20","260"
"15","18","260"
"17","20","260"
"26","35","138"
"25","35","138"
"26","35","138"
"29","40","138"
"25","35","138"
"26","35","138"
"29","40","138"
"25","35","138"
"15","21","260"
"19","26","265"
"14","19","350"
"15","21","320"
"11","16","320"
"11","16","320"
"15","21","320"
"15","21","320"
"15","21","320"
"19","26","265"
"14","20","400"
"16","23","300"
"16","23","300"
"16","23","300"
"10","16","352"
"10","15","352"
"10","16","352"
"10","15","352"
"15","21","320"
"15","21","320"
"15","21","320"
"18","25","185"
"18","25","185"
"18","24","185"
"17","23","185"
"17","23","242"
"17","23","242"
"18","25","185"
"18","25","185"
"18","24","185"
"17","23","185"
"17","23","242"
"17","23","242"
"20","26","170"
"20","27","170"
"17","23","305"
"20","27","170"
"20","26","170"
"19","25","265"
"18","25","185"
"18","25","185"
"18","24","185"
"17","23","185"
"17","23","242"
"15","20","300"
"17","23","242"
"14","19","300"
"19","24","224"
"20","26","170"
"17","23","305"
"20","26","170"
"20","27","170"
"20","27","170"
"17","23","305"
"18","25","265"
"17","23","242"
"17","23","242"
"15","20","300"
"14","19","300"
"18","25","185"
"17","23","242"
"15","20","300"
"16","21","242"
"14","19","300"
"17","23","242"
"16","21","242"
"15","20","300"
"14","19","300"
"14","20","215"
"9","13","310"
"14","20","390"
"13","18","310"
"13","19","390"
"14","19","310"
"13","18","310"
"14","20","390"
"13","19","390"
"14","20","215"
"9","13","310"
"14","20","390"
"13","18","310"
"13","19","390"
"14","19","310"
"14","20","390"
"9","12","310"
"13","19","390"
"14","20","390"
"13","19","390"
"9","13","310"
"13","19","390"
"14","19","310"
"14","20","390"
"9","12","310"
"13","19","390"
"14","19","310"
"14","20","390"
"9","12","310"
"13","19","390"
"14","20","390"
"13","19","390"
"14","20","390"
"13","19","390"
"14","20","390"
"13","19","390"
"15","20","195"
"14","19","302"
"11","16","315"
"14","18","195"
"10","13","302"
"11","16","315"
"14","19","302"
"11","16","315"
"13","18","302"
"11","16","315"
"14","20","390"
"13","19","390"
"15","21","320"
"11","16","320"
"11","16","320"
"11","16","320"
"15","21","320"
"15","21","320"
"13","18","400"
"15","21","300"
"15","21","320"
"15","21","320"
"15","21","320"
"15","21","320"
"15","21","320"
"15","21","320"
"16","23","300"
"14","20","400"
"20","23","332"
"20","23","332"
"21","22","332"
"21","22","332"
"18","28","255"
"18","25","300"
"17","24","281"
"16","23","281"
"17","24","281"
"16","23","281"
"17","24","281"
"16","23","281"
"17","24","288"
"16","23","288"
"18","28","255"
"19","26","300"
"18","28","255"
"13","18","403"
"9","13","403"
"13","18","403"
"13","20","403"
"10","15","403"
"10","15","403"
"18","25","265"
"15","22","300"
"18","25","265"
"17","23","265"
"17","23","265"
"15","20","195"
"10","14","302"
"15","21","315"
"14","18","195"
"13","18","302"
"11","16","315"
"14","19","302"
"15","21","315"
"13","18","302"
"11","16","315"
"13","19","470"
"11","17","510"
"11","17","510"
"13","21","220"
"20","33","220"
"17","27","300"
"17","27","300"
"20","33","220"
"18","28","220"
"16","27","300"
"21","28","171"
"20","26","171"
"14","19","240"
"13","17","240"
"21","28","171"
"20","26","171"
"19","25","240"
"13","17","240"
"17","24","281"
"16","23","281"
"17","24","281"
"16","23","281"
"17","24","281"
"16","23","281"
"17","24","288"
"16","23","288"
"17","24","281"
"16","23","281"
"17","24","281"
"16","23","281"
"17","24","281"
"16","23","281"
"17","24","288"
"16","23","288"
"22","29","175"
"23","33","175"
"23","33","175"
"14","21","240"
"13","19","240"
"22","29","175"
"22","31","175"
"22","31","175"
"19","27","240"
"18","25","240"
"18","25","303"
"17","24","342"
"19","26","303"
"13","19","420"
"13","19","420"
"12","19","420"
"13","19","420"
"13","19","420"
"12","19","420"
"15","20","195"
"10","14","302"
"11","16","315"
"13","18","302"
"11","16","315"
"14","19","302"
"13","18","302"
"10","14","302"
"11","16","315"
"13","18","403"
"10","13","302"
"15","21","315"
"9","13","403"
"11","16","315"
"9","13","403"
"11","16","315"
"12","18","403"
"15","21","320"
"15","21","320"
"15","21","320"
"15","21","320"
"15","21","320"
"15","21","320"
"11","16","320"
"15","21","320"
"15","21","320"
"15","21","320"
"11","16","320"
"11","16","320"
"20","26","170"
"20","27","170"
"11","16","315"
"11","16","315"
"11","16","315"
"11","16","315"
"11","16","315"
"11","16","315"
"20","26","170"
"20","27","170"
"18","25","256"
"18","25","265"
"19","27","170"
"19","27","170"
"10","14","302"
"15","21","315"
"10","13","302"
"11","16","315"
"14","19","302"
"10","13","302"
"10","14","302"
"11","16","315"
"13","18","403"
"10","13","302"
"15","21","315"
"12","18","403"
"15","22","315"
"15","21","315"
"9","13","403"
"11","16","315"
"12","18","403"
"9","13","403"
"12","18","403"
"15","20","195"
"10","14","302"
"11","16","315"
"14","18","195"
"13","18","302"
"15","21","315"
"10","14","302"
"15","21","315"
"10","13","302"
"15","21","315"
"14","20","215"
"9","13","310"
"14","20","390"
"13","18","310"
"13","18","390"
"14","19","310"
"9","12","310"
"14","20","215"
"14","19","310"
"14","20","390"
"9","12","310"
"13","18","390"
"9","13","310"
"14","20","390"
"9","12","310"
"13","18","390"
"14","20","390"
"13","18","390"
"9","13","310"
"14","20","390"
"9","12","310"
"13","18","390"
"9","13","310"
"14","20","390"
"13","18","390"
"14","20","390"
"13","18","390"
"9","12","310"
"18","26","204"
"21","29","204"
"20","26","204"
"18","25","306"
"18","25","306"
"14","20","390"
"13","18","390"
"21","25","159"
"19","25","159"
"18","20","159"
"18","21","159"
"21","25","159"
"19","25","159"
"19","25","159"
"17","21","236"
"18","20","159"
"18","21","159"
"14","18","236"
"16","20","236"
"19","25","159"
"19","25","159"
"17","21","236"
"17","21","236"
"14","18","236"
"16","20","236"
"16","20","236"
"15","19","236"
"19","27","204"
"21","30","204"
"20","27","204"
"20","27","306"
"20","26","159"
"19","25","159"
"17","22","159"
"20","26","159"
"20","26","159"
"19","25","159"
"20","26","159"
"15","18","236"
"17","21","236"
"17","22","159"
"14","18","236"
"16","20","236"
"14","18","236"
"16","20","236"
"16","20","236"
"17","21","236"
"17","21","236"
"15","18","236"
"15","21","315"
"14","18","195"
"13","18","302"
"15","21","315"
"10","14","302"
"15","21","315"
"10","13","302"
"15","21","315"
"18","25","185"
"17","23","242"
"18","25","185"
"17","23","242"
"18","24","185"
"17","23","185"
"17","23","242"
"17","23","185"
"17","23","242"
"17","23","242"
"17","23","242"
"14","20","300"
"14","20","300"
"16","21","242"
"16","21","242"
"14","19","300"
"15","20","195"
"10","14","302"
"11","16","315"
"10","13","302"
"15","21","315"
"14","19","302"
"10","13","302"
"14","19","302"
"15","21","315"
"13","19","403"
"13","18","302"
"11","16","315"
"12","19","403"
"11","16","315"
"10","14","403"
"11","16","315"
"14","19","302"
"18","25","185"
"17","23","242"
"18","25","185"
"17","23","242"
"17","23","242"
"14","20","300"
"14","20","300"
"18","24","185"
"17","23","185"
"17","23","242"
"17","23","185"
"17","23","242"
"17","23","242"
"14","19","300"
"11","16","315"
"15","21","315"
"11","16","315"
"15","21","315"
"11","16","315"
"11","16","315"
"18","25","185"
"17","23","242"
"18","25","185"
"18","25","185"
"17","23","242"
"18","24","185"
"17","23","185"
"17","23","242"
"18","24","185"
"17","23","185"
"17","23","242"
"17","23","242"
"14","20","300"
"17","23","242"
"14","20","300"
"14","20","300"
"16","21","242"
"14","19","300"
"16","21","242"
"14","19","300"
"18","25","185"
"17","23","242"
"18","25","185"
"18","25","185"
"17","23","242"
"14","20","300"
"17","23","242"
"14","20","300"
"14","20","300"
"18","24","185"
"17","23","185"
"17","23","242"
"18","24","185"
"17","23","185"
"17","23","242"
"14","19","300"
"17","23","242"
"14","19","300"
"10","14","302"
"15","21","315"
"10","13","302"
"11","16","315"
"14","19","302"
"13","18","302"
"14","19","302"
"15","21","315"
"10","14","403"
"10","13","302"
"11","16","315"
"9","13","403"
"11","16","315"
"15","21","315"
"10","14","403"
"11","16","315"
"12","19","403"
"10","14","403"
"9","13","403"
"22","28","158"
"22","28","158"
"22","28","158"
"22","28","158"
"22","28","158"
"22","28","158"
"22","28","158"
"22","28","158"
"22","28","158"
"22","28","158"
"27","33","128"
"27","33","128"
"27","33","128"
"27","33","128"
"13","18","490"
"27","33","128"
"27","33","128"
"13","18","490"
"16","20","236"
"15","20","310"
"13","17","381"
"13","17","381"
"16","20","236"
"14","18","381"
"13","17","381"
"13","17","381"
"16","20","236"
"15","20","310"
"14","19","310"
"14","18","381"
"13","17","381"
"13","17","381"
"14","18","381"
"13","17","381"
"15","20","310"
"14","19","310"
"13","17","381"
"13","17","381"
"15","20","310"
"14","19","310"
"14","18","381"
"13","17","381"
"13","17","381"
"14","18","381"
"18","26","204"
"18","25","306"
"21","29","204"
"19","27","204"
"21","30","204"
"20","27","306"
"16","23","385"
"15","22","385"
"15","21","470"
"15","21","470"
"15","21","510"
"15","21","510"
"13","17","381"
"13","17","381"
"19","27","170"
"18","25","265"
"18","25","256"
"19","27","170"
"13","18","490"
"13","18","490"
"15","20","261"
"14","19","261"
"14","19","261"
"19","23","152"
"17","22","152"
"15","20","261"
"18","25","185"
"17","23","242"
"18","25","185"
"18","25","185"
"17","23","242"
"18","24","185"
"17","23","185"
"17","23","242"
"18","24","185"
"17","23","185"
"17","23","242"
"17","23","242"
"15","20","300"
"17","23","242"
"15","20","300"
"15","20","300"
"16","21","242"
"14","19","300"
"16","21","242"
"14","19","300"
"17","24","185"
"17","23","242"
"20","26","185"
"17","24","185"
"17","23","242"
"15","20","300"
"17","23","242"
"15","20","300"
"15","20","300"
"18","24","185"
"16","23","185"
"16","22","242"
"18","24","185"
"16","23","185"
"16","22","242"
"17","24","185"
"16","22","242"
"14","19","300"
"19","23","152"
"19","27","170"
"18","25","256"
"19","27","170"
"19","23","152"
"15","20","261"
"14","19","261"
"16","20","261"
"15","20","261"
"15","20","261"
"15","20","261"
"15","20","261"
"14","19","261"
"15","20","261"
"14","19","261"
"14","19","261"
"15","20","261"
"16","20","261"
"14","19","261"
"17","22","152"
"15","20","261"
"16","20","261"
"14","19","261"
"15","20","261"
"15","20","261"
"14","19","261"
"15","20","261"
"15","20","261"
"17","22","152"
"14","19","261"
"15","20","261"
"15","20","261"
"15","20","261"
"15","19","261"
"15","19","261"
"19","23","152"
"19","23","152"
"19","23","152"
"15","20","261"
"15","19","261"
"18","25","256"
"19","27","170"
"19","27","170"
"20","223","332"
"20","23","332"
"20","23","332"
"20","23","332"
"21","22","332"
"21","22","332"
"21","22","332"
"21","22","332"
"21","22","332"
"21","22","332"
"20","20","332"
"20","20","332"
"18","24","230"
"22","27","143"
"18","24","210"
"22","27","143"
"19","24","143"
"22","27","143"
"18","24","210"
"22","27","143"
"19","24","143"
"16","21","207"
"15","20","207"
"22","27","143"
"19","24","143"
"15","19","207"
"14","18","207"
"16","21","207"
"15","20","207"
"16","21","207"
"15","20","207"
"15","19","207"
"14","18","207"
"14","19","302"
"15","21","315"
"10","14","302"
"11","16","315"
"14","18","195"
"10","13","302"
"15","21","315"
"13","18","302"
"11","16","315"
"15","20","195"
"10","14","302"
"11","16","315"
"14","19","302"
"15","21","315"
"14","18","195"
"13","18","302"
"11","16","315"
"10","13","302"
"11","16","315"
"16","23","416"
"16","23","416"
"15","20","261"
"15","20","261"
"17","22","152"
"15","19","261"
"19","23","152"
"14","19","261"
"15","20","261"
"16","20","261"
"19","23","152"
"14","19","261"
"14","19","261"
"15","19","261"
"17","22","152"
"20","32","220"
"12","18","383"
"12","18","383"
"22","27","143"
"19","24","143"
"22","27","143"
"19","24","143"
"22","27","143"
"19","24","143"
"22","27","143"
"19","24","143"
"15","21","207"
"16","21","207"
"15","21","207"
"16","21","207"
"15","19","207"
"14","18","207"
"15","21","207"
"16","21","207"
"15","21","207"
"16","21","207"
"15","19","207"
"14","18","207"
"13","16","225"
"12","16","255"
"9","12","225"
"12","16","255"
"9","12","225"
"9","12","255"
"13","16","225"
"12","15","255"
"9","12","225"
"9","12","255"
"17","24","288"
"17","24","288"
"16","22","288"
"16","22","288"
"16","22","288"
"17","24","288"
"17","24","288"
"16","22","288"
"9","11","255"
"10","13","305"
"11","15","255"
"10","13","305"
"11","15","255"
"10","13","305"
"11","15","255"
"10","13","305"
"11","15","255"
"10","13","305"
"11","15","255"
"10","13","305"
"11","15","255"
"10","13","305"
"9","11","255"
"10","13","305"
"25","36","182"
"25","36","182"
"17","27","303"
"12","18","303"
"17","27","303"
"25","36","182"
"17","27","303"
"25","36","182"
"17","27","303"
"13","19","303"
"16","26","303"
"12","18","303"
"13","19","303"
"15","20","210"
"14","18","210"
"15","20","210"
"9","13","302"
"14","18","210"
"9","13","302"
"15","20","210"
"9","13","302"
"14","18","210"
"14","19","302"
"15","20","210"
"14","19","302"
"14","18","210"
"9","13","302"
"16","20","261"
"15","20","261"
"16","20","261"
"15","20","261"
"15","19","261"
"14","19","261"
"15","19","261"
"14","19","261"
"15","20","261"
"14","19","261"
"15","20","261"
"15","20","261"
"14","19","261"
"14","19","261"
"18","29","220"
"15","22","182"
"18","29","220"
"20","32","220"
"19","31","182"
"20","32","220"
"15","22","182"
"18","29","220"
"20","32","220"
"19","27","270"
"19","25","265"
"17","23","305"
"19","25","265"
"13","17","225"
"9","12","255"
"9","12","225"
"12","16","255"
"13","17","225"
"9","12","255"
"15","19","236"
"15","20","310"
"14","19","310"
"14","18","381"
"13","17","381"
"13","17","381"
"15","19","236"
"15","20","310"
"14","19","310"
"14","18","381"
"13","17","381"
"13","17","381"
"15","19","236"
"15","20","310"
"14","19","310"
"14","18","381"
"13","17","381"
"13","17","381"
"15","20","310"
"14","19","310"
"14","18","381"
"13","17","381"
"10","13","381"
"15","20","310"
"14","19","310"
"14","18","381"
"13","17","381"
"10","13","381"
"15","20","310"
"14","19","310"
"14","18","381"
"13","17","381"
"10","13","381"
"15","20","310"
"14","19","310"
"14","18","381"
"13","17","381"
"13","17","381"
"13","17","225"
"9","12","255"
"10","12","225"
"9","12","255"
"13","17","225"
"9","12","255"
"18","25","265"
"18","25","265"
"13","18","317"
"12","17","317"
"13","18","317"
"12","17","317"
"12","17","317"
"13","18","317"
"12","17","317"
"13","18","317"
"13","18","317"
"12","17","317"
"12","17","317"
"12","17","317"
"13","18","317"
"12","17","317"
"13","18","317"
"12","17","317"
"15","20","210"
"14","18","210"
"15","20","210"
"14","19","302"
"14","18","210"
"14","14","302"
"15","20","210"
"14","19","302"
"14","18","210"
"9","12","302"
"15","20","210"
"14","19","302"
"14","18","210"
"14","19","302"
"19","25","265"
"19","25","265"
"18","25","265"
"18","25","265"
"15","21","315"
"14","19","302"
"10","14","302"
"13","18","403"
"11","16","315"
"11","16","315"
"9","13","403"
"13","18","302"
"15","21","315"
"13","18","302"
"10","13","302"
"12","18","403"
"15","21","315"
"9","13","403"
"18","25","256"
"18","25","256"
"10","14","302"
"11","16","315"
"14","19","302"
"10","14","302"
"9","13","403"
"15","21","315"
"9","13","403"
"10","13","302"
"11","16","315"
"10","13","302"
"10","13","302"
"9","13","403"
"15","21","315"
"12","18","403"
"11","16","315"
"15","21","315"
"15","21","315"
"11","16","315"
"15","21","315"
"15","21","315"
"13","18","317"
"9","13","317"
"9","13","317"
"13","18","317"
"12","17","317"
"13","18","317"
"13","18","317"
"12","17","317"
"12","17","317"
"12","17","317"
"13","18","317"
"12","17","317"
"14","19","302"
"11","16","315"
"10","14","302"
"11","16","315"
"14","18","195"
"13","18","302"
"11","16","315"
"10","13","302"
"11","16","315"
"15","20","195"
"14","19","302"
"11","16","315"
"14","19","302"
"11","16","315"
"14","18","195"
"10","13","302"
"15","21","315"
"10","13","302"
"11","16","315"
"13","17","225"
"12","16","255"
"13","17","225"
"12","16","255"
"9","12","225"
"12","16","255"
"9","12","225"
"12","16","255"
"11","16","315"
"14","19","302"
"14","19","302"
"15","21","315"
"13","19","403"
"15","22","315"
"15","21","315"
"13","19","403"
"10","13","302"
"15","21","315"
"10","13","302"
"10","13","302"
"15","21","315"
"12","19","403"
"11","16","315"
"12","19","403"
"13","17","225"
"9","12","255"
"13","17","225"
"9","12","255"
"13","17","225"
"9","12","255"
"10","12","225"
"9","12","255"
"10","14","302"
"11","16","315"
"14","19","302"
"14","19","302"
"11","16","315"
"13","19","403"
"15","21","315"
"13","19","403"
"10","13","302"
"15","21","315"
"13","18","302"
"10","13","302"
"15","21","315"
"9","13","403"
"15","21","315"
"12","19","403"
"11","16","315"
"15","21","315"
"15","21","315"
"15","21","315"
"11","16","315"
"15","21","315"
"12","16","255"
"10","14","305"
"9","12","255"
"10","14","305"
"12","16","255"
"10","14","305"
"12","16","255"
"10","14","305"
"12","15","255"
"10","14","305"
"9","12","255"
"10","14","305"
"9","12","255"
"10","14","305"
"9","12","255"
"10","14","305"
"13","18","317"
"13","18","317"
"12","17","317"
"12","17","317"
"13","18","317"
"9","13","317"
"12","17","317"
"9","12","317"
"12","17","317"
"12","17","317"
"13","18","317"
"9","13","317"
"12","17","317"
"12","17","317"
"13","18","317"
"13","18","317"
"13","18","317"
"9","13","317"
"12","17","317"
"9","12","317"
"12","17","317"
"9","12","317"
"12","17","317"
"12","17","317"
"9","12","317"
"9","13","317"
"12","17","317"
"12","17","317"
"18","25","265"
"18","25","256"
"18","25","256"
"18","25","256"
"18","25","256"
"18","25","256"
"18","25","256"
"13","18","317"
"12","17","317"
"13","18","317"
"12","17","317"
"12","17","317"
"13","18","317"
"12","17","317"
"13","18","317"
"13","18","317"
"12","17","317"
"12","17","317"
"12","17","317"
"13","18","317"
"12","17","317"
"14","20","210"
"13","19","390"
"14","20","390"
"9","13","310"
"14","20","390"
"8","12","310"
"13","19","390"
"13","19","390"
"13","18","310"
"13","19","390"
"14","20","390"
"14","19","310"
"14","20","390"
"9","13","310"
"14","20","390"
"13","19","390"
"13","18","310"
"13","19","390"
"13","18","310"
"13","19","390"
"14","20","390"
"14","20","390"
"9","13","310"
"14","20","390"
"13","19","390"
"13","19","390"
"13","18","310"
"13","19","390"
"13","18","310"
"15","21","360"
"16","22","365"
"11","15","360"
"16","22","365"
"11","15","360"
"16","22","365"
"14","19","360"
"15","21","365"
"14","19","360"
"15","21","365"
"14","19","360"
"15","21","365"
"15","21","360"
"16","22","365"
"14","19","360"
"15","21","365"
"15","21","360"
"16","22","365"
"14","19","360"
"15","21","365"
"11","15","360"
"10","14","360"
"10","14","360"
"15","21","365"
"15","21","360"
"16","22","365"
"13","18","411"
"10","14","360"
"15","21","365"
"12","16","411"
"11","15","360"
"11","15","360"
"16","22","365"
"15","21","365"
"11","15","360"
"16","22","365"
"13","18","411"
"10","14","360"
"15","21","365"
"12","16","411"
"15","21","360"
"16","22","365"
"14","19","360"
"15","21","365"
"12","17","302"
"15","21","360"
"16","21","302"
"10","14","360"
"12","17","302"
"15","21","360"
"16","21","302"
"10","14","360"
"12","16","411"
"12","16","411"
"17","23","302"
"15","21","360"
"16","21","302"
"10","14","360"
"17","23","365"
"15","21","360"
"16","22","365"
"16","21","302"
"10","14","360"
"15","21","365"
"12","17","302"
"15","21","360"
"16","22","365"
"16","21","302"
"14","19","360"
"12","17","302"
"11","15","360"
"15","21","360"
"16","22","365"
"16","21","302"
"10","14","360"
"15","21","365"
"12","17","302"
"17","23","302"
"10","14","360"
"15","21","365"
"15","21","360"
"14","19","360"
"17","23","302"
"11","15","360"
"16","21","302"
"10","14","360"
"12","17","302"
"11","15","360"
"16","22","365"
"14","19","360"
"10","14","360"
"15","21","365"
"12","17","302"
"11","15","360"
"16","22","365"
"16","21","302"
"10","14","360"
"15","21","365"
"12","17","302"
"15","21","360"
"16","22","365"
"14","19","360"
"15","21","365"
"17","23","302"
"11","15","360"
"16","22","365"
"10","14","360"
"15","21","365"
"15","21","360"
"16","22","365"
"14","19","360"
"15","21","365"
"13","18","411"
"12","16","411"
"13","18","411"
"14","18","310"
"10","13","310"
"10","13","310"
"10","14","310"
"14","18","310"
"10","14","310"
"10","13","310"
"14","20","310"
"10","13","310"
"15","19","248"
"14","18","248"
"14","20","292"
"15","19","248"
"15","21","292"
"14","18","248"
"14","20","292"
"14","18","310"
"15","19","248"
"14","18","248"
"15","19","248"
"15","21","292"
"10","14","310"
"14","18","248"
"14","20","292"
"14","18","310"
"15","19","248"
"15","21","292"
"14","20","310"
"14","18","248"
"14","20","292"
"10","13","310"
"15","19","248"
"15","21","292"
"14","18","248"
"15","19","248"
"14","20","292"
"14","18","310"
"15","19","248"
"15","21","292"
"14","20","292"
"15","19","248"
"15","21","292"
"14","20","292"
"15","19","248"
"14","18","248"
"14","18","310"
"10","13","310"
"15","19","248"
"15","21","292"
"14","20","310"
"14","18","248"
"14","20","292"
"14","18","310"
"15","21","292"
"14","20","292"
"15","19","248"
"10","13","310"
"15","21","292"
"14","20","310"
"14","20","292"
"14","18","310"
"15","21","292"
"10","14","310"
"14","20","292"
"10","13","310"
"15","21","292"
"10","14","310"
"14","20","292"
"14","18","310"
"20","23","332"
"20","23","332"
"20","23","332"
"20","23","332"
"21","22","332"
"21","22","332"
"21","22","332"
"21","22","332"
"12","16","411"
"11","17","470"
"22","32","240"
"19","29","300"
"16","24","400"
"18","26","228"
"18","26","228"
"14","20","215"
"9","13","310"
"14","20","390"
"13","18","310"
"13","19","390"
"9","13","310"
"14","20","390"
"13","18","310"
"13","19","390"
"14","20","310"
"13","19","390"
"13","18","310"
"18","28","230"
"18","27","230"
"19","28","300"
"18","28","230"
"18","28","230"
"20","28","300"
"18","25","300"
"17","26","230"
"18","27","230"
"17","25","230"
"17","25","230"
"26","36","160"
"28","38","160"
"27","37","160"
"27","37","160"
"18","25","332"
"18","25","332"
"18","25","332"
"18","26","332"
"18","26","332"
"18","26","332"
"19","26","332"
"19","26","332"
"25","31","188"
"25","31","188"
"28","40","138"
"15","23","429"
"15","23","429"
"20","26","276"
"20","26","276"
"20","28","175"
"20","26","276"
"20","26","276"
"20","26","276"
"20","28","175"
"20","26","276"
"20","25","175"
"10","14","310"
"14","20","310"
"14","20","310"
"10","14","310"
"14","20","310"
"10","14","310"
"10","14","310"
"10","14","310"
"9","13","310"
"13","18","310"
"9","13","310"
"13","18","310"
"9","13","310"
"9","13","310"
"9","13","310"
"13","18","310"
"16","22","261"
"15","20","261"
"16","22","261"
"16","20","261"
"15","20","261"
"16","20","261"
"15","20","261"
"15","22","266"
"14","20","266"
"15","22","266"
"14","20","266"
"15","22","266"
"14","20","266"
"15","22","266"
"14","20","266"
"13","18","310"
"17","22","260"
"16","21","260"
"16","21","260"
"17","22","260"
"20","29","218"
"20","29","218"
"19","27","218"
"19","27","328"
"18","25","328"
"17","25","328"
"19","27","330"
"19","27","330"
"18","25","330"
"17","25","330"
"21","29","227"
"21","29","227"
"22","28","172"
"23","29","158"
"13","19","317"
"12","19","317"
"12","18","317"
"12","18","317"
"13","19","317"
"9","13","317"
"12","18","317"
"12","18","317"
"13","19","317"
"12","19","317"
"12","18","317"
"12","18","317"
"21","30","204"
"20","27","204"
"19","28","204"
"19","27","306"
"18","26","306"
"19","27","204"
"19","28","204"
"21","30","204"
"16","23","416"
"19","28","268"
"16","24","380"
"16","23","380"
"16","24","380"
"16","23","380"
"19","24","187"
"18","25","266"
"19","24","187"
"18","25","266"
"17","23","266"
"18","25","266"
"18","25","266"
"18","25","266"
"17","23","266"
"18","25","266"
"18","25","266"
"17","23","266"
"21","29","211"
"18","28","372"
"18","28","372"
"14","21","500"
"18","25","360"
"23","34","177"
"23","34","177"
"23","34","177"
"23","34","177"
"23","34","190"
"23","34","190"
"20","30","271"
"23","34","190"
"20","30","271"
"23","32","190"
"22","33","190"
"18","24","270"
"18","25","270"
"23","32","190"
"22","33","190"
"22","33","190"
"17","26","271"
"19","29","271"
"17","25","325"
"16","24","325"
"19","27","348"
"17","25","348"
"11","16","552"
"17","24","297"
"17","24","297"
"17","24","297"
"17","24","297"
"16","23","303"
"16","21","303"
"14","20","390"
"14","20","400"
"14","20","400"
"12","17","290"
"12","17","290"
"16","23","290"
"14","20","360"
"16","23","290"
"13","20","360"
"14","20","360"
"13","20","360"
"12","17","290"
"14","20","360"
"16","23","290"
"13","20","360"
"12","18","465"
"17","23","290"
"17","23","290"
"13","17","290"
"16","23","290"
"16","23","290"
"16","23","290"
"17","23","290"
"12","17","290"
"17","23","270"
"17","22","270"
"17","22","270"
"17","23","270"
"17","22","270"
"29","35","100"
"29","35","100"
"28","34","100"
"28","34","100"
"14","20","310"
"13","18","381"
"13","18","310"
"13","17","381"
"13","17","381"
"13","18","381"
"13","17","381"
"13","17","381"
"25","33","148"
"25","33","148"
"24","33","148"
"27","39","155"
"28","40","155"
"28","40","155"
"20","28","167"
"22","29","167"
"16","25","370"
"15","23","370"
"18","26","200"
"22","27","200"
"21","27","200"
"22","27","200"
"21","27","200"
"22","27","200"
"21","27","200"
"18","27","305"
"15","23","376"
"16","25","376"
"14","23","470"
"14","23","470"
"21","30","173"
"20","31","173"
"14","21","283"
"14","21","283"
"24","32","158"
"24","32","158"
"24","34","115"
"23","29","115"
"23","33","170"
"24","31","170"
"23","33","170"
"24","31","170"
"30","42","140"
"22","33","200"
"24","31","170"
"23","33","170"
"24","31","170"
"24","31","170"
"30","42","140"
"21","31","200"
"21","31","200"
"17","25","280"
"27","38","155"
"28","39","155"
"28","39","155"
"20","28","167"
"22","29","167"
"18","25","263"
"17","25","283"
"12","18","283"
"12","18","283"
"12","18","283"
"17","25","283"
"22","28","167"
"21","28","167"
"21","28","167"
"21","28","167"
"21","28","167"
"21","28","167"
"19","26","173"
"19","26","173"
"13","18","283"
"16","24","283"
"13","18","283"
"16","24","283"
"17","25","283"
"16","24","283"
"17","24","273"
"16","22","273"
"17","24","273"
"16","22","273"
"17","24","273"
"16","22","273"
"25","34","156"
"26","36","156"
"26","36","156"
"23","32","173"
"24","33","156"
"25","34","156"
"22","32","173"
"23","31","173"
"26","36","156"
"23","32","173"
"28","39","140"
"28","36","140"
"28","36","140"
"28","39","140"
"24","35","200"
"24","35","200"
"24","35","200"
"22","34","274"
"22","34","274"
"30","40","138"
"30","40","138"
"30","40","138"
"30","40","138"
"27","35","138"
"27","35","138"
"26","34","164"
"26","34","164"
"26","34","164"
"22","32","170"
"22","32","170"
"22","31","170"
"22","31","170"
"22","31","170"
"31","43","140"
"16","23","280"
"16","23","280"
"16","23","280"
"19","28","225"
"19","28","225"
"19","28","225"
"20","24","380"
"17","24","288"
"17","24","288"
"17","24","288"
"17","24","288"
"16","23","288"
"16","23","288"
"16","23","288"
"16","23","288"
"17","24","288"
"16","23","288"
"22","32","182"
"20","29","182"
"22","32","182"
"20","29","182"
"22","32","182"
"20","29","182"
"22","32","182"
"20","29","182"
"12","18","264"
"12","17","264"
"12","18","264"
"16","23","264"
"12","18","264"
"12","17","264"
"15","21","320"
"15","21","320"
"11","16","320"
"11","16","320"
"15","21","320"
"15","21","320"
"15","21","320"
"15","21","320"
"10","16","352"
"10","15","352"
"10","15","352"
"28","39","140"
"28","39","140"
"22","31","201"
"13","20","360"
"29","41","140"
"13","20","360"
"20","23","332"
"20","23","332"
"12","17","290"
"17","23","290"
"13","20","360"
"21","30","227"
"21","30","227"
"18","28","227"
"10","13","310"
"13","17","310"
"13","17","310"
"13","17","310"
"11","17","280"
"11","16","324"
"8","12","280"
"8","11","324"
"8","12","280"
"8","11","324"
"8","12","280"
"8","11","324"
"28","36","140"
"28","39","140"
"28","36","140"
"28","39","140"
"28","36","140"
"28","39","140"
"28","39","140"
"22","31","201"
"23","33","170"
"24","31","170"
"30","42","140"
"24","31","170"
"30","42","140"
"19","27","256"
"23","28","172"
"18","27","318"
"18","27","318"
"18","27","318"
"18","27","318"
"18","27","318"
"18","27","318"
"16","26","385"
"16","26","385"
"15","21","470"
"15","21","470"
"16","26","385"
"15","22","385"
"15","21","470"
"15","21","470"
"15","21","510"
"15","21","510"
"16","26","270"
"18","27","270"
"18","26","270"
"16","26","270"
"18","27","270"
"18","27","318"
"18","27","318"
"18","27","318"
"18","27","318"
"18","26","270"
"13","20","360"
"15","22","550"
"16","24","385"
"15","22","510"
"16","22","385"
"15","22","510"
"15","21","210"
"15","21","210"
"16","22","210"
"15","21","210"
"15","21","210"
"16","22","210"
"16","22","210"
"18","27","270"
"18","26","270"
"18","27","270"
"18","26","270"
"18","26","318"
"18","26","318"
"18","26","318"
"18","26","318"
"18","27","271"
"14","19","556"
"12","18","556"
"16","23","240"
"16","23","240"
"18","27","271"
"18","24","240"
"14","19","556"
"12","18","556"
"18","24","240"
"18","26","271"
"19","27","256"
"17","25","283"
"12","18","283"
"17","25","283"
"17","25","283"
"21","31","200"
"21","31","200"
"14","20","360"
"14","20","360"
"14","20","360"
"14","20","360"
"21","29","227"
"21","29","227"
"21","29","227"
"21","29","227"
"21","30","227"
"21","30","227"
"21","30","227"
"21","30","227"
"18","28","227"
"18","28","227"
"19","25","240"
"19","25","240"
"19","25","240"
"17","23","300"
"17","23","300"
"17","23","325"
"17","23","325"
"21","31","200"
"21","31","200"
"22","28","172"
"23","28","172"
"23","29","158"
"23","28","172"
"23","29","158"
"22","31","170"
"22","29","170"
"21","30","200"
"14","19","556"
"12","18","556"
"17","21","285"
"17","21","285"
"17","21","285"
"17","21","285"
"17","21","285"
"17","21","285"
"17","21","285"
"17","21","285"
"17","21","285"
"17","21","285"
"12","18","308"
"17","24","308"
"12","17","308"
"17","24","308"
"16","23","308"
"12","18","308"
"16","23","308"
"15","20","195"
"13","18","310"
"13","17","310"
"17","21","285"
"17","21","285"
"19","25","240"
"17","23","300"
"19","25","240"
"19","25","240"
"17","23","300"
"18","28","230"
"18","28","230"
"17","25","230"
"17","25","230"
"19","28","300"
"18","28","300"
"18","26","320"
"17","24","320"
"19","27","300"
"18","27","300"
"14","20","414"
"14","20","414"
"16","23","240"
"16","23","240"
"16","23","240"
"16","23","240"
"18","24","240"
"18","24","240"
"18","24","240"
"18","24","240"
"18","24","240"
"18","24","240"
"12","17","375"
"12","17","375"
"12","17","375"
"14","18","403"
"10","14","403"
"10","15","403"
"10","14","403"
"14","18","403"
"13","18","403"
"14","18","403"
"13","18","403"
"20","23","332"
"20","23","332"
"20","23","332"
"20","23","332"
"14","18","403"
"13","18","403"
"14","18","403"
"13","18","403"
"10","15","403"
"9","13","403"
"14","18","403"
"9","13","403"
"12","18","375"
"12","18","510"
"12","18","510"
"12","18","375"
"17","26","230"
"18","27","230"
"19","28","300"
"18","28","300"
"18","26","320"
"17","24","320"
"13","20","414"
"14","20","414"
"13","18","375"
"12","17","510"
"13","18","375"
"12","17","510"
"16","23","240"
"16","23","240"
"23","34","240"
"22","32","240"
"22","32","240"
"19","29","300"
"21","31","300"
"21","30","300"
"15","22","400"
"15","23","400"
"15","20","400"
"16","23","240"
"16","23","240"
"13","20","470"
"13","20","470"
"13","20","470"
"11","17","470"
"11","17","470"
"17","24","300"
"22","31","201"
"22","31","201"
"21","29","201"
"19","28","280"
"22","30","201"
"16","23","300"
"16","21","300"
"25","34","148"
"25","34","148"
"25","34","148"
"25","34","148"
"25","34","148"
"25","34","148"
"19","27","170"
"19","27","170"
"18","25","265"
"18","25","256"
"18","25","256"
"18","25","256"
"21","30","160"
"21","30","160"
"19","25","230"
"19","26","230"
"19","27","170"
"19","27","170"
"19","27","170"
"19","27","170"
"22","31","180"
"22","31","180"
"22","31","180"
"12","18","510"
"11","17","510"
"11","17","510"
"12","18","510"
"21","31","185"
"20","29","180"
"13","19","470"
"13","19","470"
"13","19","510"
"13","19","510"
"13","19","430"
"13","19","430"
"19","29","220"
"14","20","220"
"15","23","220"
"20","33","220"
"21","27","170"
"21","27","170"
"21","27","170"
"21","27","170"
"21","27","170"
"21","27","170"
"19","24","224"
"19","24","224"
"15","23","220"
"13","21","220"
"23","33","150"
"23","33","150"
"23","30","150"
"22","30","150"
"22","30","150"
"13","19","420"
"13","19","420"
"15","23","220"
"18","28","220"
"18","28","220"
"15","23","220"
"18","28","220"
"20","33","220"
"18","27","263"
"17","25","263"
"17","25","274"
"17","25","355"
"16","23","274"
"19","26","305"
"17","23","305"
"17","24","268"
"16","22","355"
"11","18","505"
"10","14","310"
"13","18","310"
"10","14","310"
"9","13","310"
"31","37","122"
"31","37","122"
"27","33","117"
"27","33","117"
"28","35","117"
"27","33","117"
"18","27","248"
"18","27","248"
"19","28","248"
"18","27","248"
"19","28","248"
"18","25","250"
"17","24","250"
"18","25","250"
"17","24","250"
"18","25","250"
"12","20","552"
"12","20","552"
"17","25","315"
"17","25","315"